{"cameraMode":{"drawMode":0,"name":"Shaded","section":"Shading Mode"},"sceneLighting":true,"audioPlay":false,"sceneViewState":{"m_AlwaysRefresh":false,"showFog":true,"showSkybox":true,"showFlares":true,"showImageEffects":true,"showParticleSystems":true,"showVisualEffectGraphs":true,"m_FxEnabled":true},"in2DMode":false,"pivot":{"x":16.79484748840332,"y":15.820816040039063,"z":-1.8938369750976563},"rotation":{"x":0.1531873196363449,"y":0.7778252363204956,"z":-0.20802153646945954,"w":0.5728686451911926},"size":0.7073219418525696,"orthographic":false}