{"cameraMode":{"drawMode":0,"name":"Shaded","section":"Shading Mode"},"sceneLighting":true,"audioPlay":false,"sceneViewState":{"m_AlwaysRefresh":false,"showFog":true,"showSkybox":true,"showFlares":true,"showImageEffects":true,"showParticleSystems":true,"showVisualEffectGraphs":true,"m_FxEnabled":true},"in2DMode":false,"pivot":{"x":0.09710489958524704,"y":7.807369709014893,"z":2.624476671218872},"rotation":{"x":0.14768163859844209,"y":0.5674262642860413,"z":-0.10431202501058579,"w":0.8032850027084351},"size":7.3245649337768559,"orthographic":false}