{"cameraMode":{"drawMode":0,"name":"Shaded","section":"Shading Mode"},"sceneLighting":true,"audioPlay":false,"sceneViewState":{"m_AlwaysRefresh":false,"showFog":true,"showSkybox":true,"showFlares":true,"showImageEffects":true,"showParticleSystems":true,"showVisualEffectGraphs":true,"m_FxEnabled":true},"in2DMode":false,"pivot":{"x":-7.15153694152832,"y":-0.9677590131759644,"z":-10.046065330505371},"rotation":{"x":0.058057282119989398,"y":0.6966928243637085,"z":-0.05680029094219208,"w":0.7127751111984253},"size":21.947595596313478,"orthographic":false}